姓名,姓氏,字辈,性别,排序,出生日期,逝世日期,是否离世,籍贯,职业,父亲,母亲,配偶,是否入赘,是否招夫养子,生平简介,突出事迹,
贾演,贾,演,男,,1675-03-15,1738-09-20,是,京城,宁国公,,,,,,宁国公，贾家宁国府始祖。凭军功起家，袭封宁国公，地位显赫。,开府宁国，荫蔽子孙，为贾家奠定基业。,
贾代化,贾,代,男,,1698-07-22,1765-12-01,是,京城,京营节度使,贾演,,,,,贾代化，宁国府第二代主人，袭封一等将军。,镇守京畿，军务繁忙。,
贾敬,贾,敬,男,,1720-02-10,1789-04-15,是,京城,进士/道士,贾代化,,,,,贾敬，贾家宁国府第三代主人。年轻时中进士，后弃官修道。,科举出身，才华出众，后悟道修仙。,
贾珍,贾,珍,男,,1745-06-18,1802-11-25,是,京城,三品威烈将军,贾敬,,尤氏,,,,贾珍，宁国府第四代主人，袭封三品威烈将军。,挥霍无度，行为不检。
贾蓉,贾,蓉,男,,1768-01-30,1820-08-14,是,京城,轻车都尉,贾珍,,秦可卿,,,,贾蓉，贾珍之子，袭封轻车都尉。,平庸无才，依附权贵。
贾蔷,贾,蔷,男,,1770-05-12,1825-03-20,是,京城,闲散人员,贾珍,,,,,,贾蔷，贾珍从弟，宁国府远亲。,风流倜傥，善于交际。
贾兰,贾,兰,男,,1775-08-18,1830-11-25,是,京城,举人,贾珠,李纨,,,,,贾兰，贾珠之子，贾政长孙。,勤奋好学，励志科举。
尤氏,尤,,女,,1750-03-25,1815-07-20,是,京城,诰命夫人,,,贾珍,,,,尤氏身世一般，为人温和。,相夫教子，贤良淑德。
秦可卿,秦,,女,,1770-09-12,1789-03-15,是,京城,,,,贾蓉,,,秦可卿，容貌绝世，性格温柔。,德才兼备，可惜早逝。,
贾源,贾,源,男,,1670-11-08,1735-06-30,是,京城,荣国公,,,,,,荣国公，贾家荣国府始祖。与宁国公并称"二公"。,功成名就，荣封国公，泽被子孙。,
贾代善,贾,代,男,,1693-04-16,1762-10-08,是,京城,京营节度使,贾源,,,,,贾代善，荣国府第二代主人，袭封京营节度使。,延续祖业，维持家族荣耀。,
贾赦,贾,赦,男,,1715-08-22,1785-02-14,是,京城,一等将军,贾代善,史太君,邢氏,,,,贾赦，荣国府第三代主人，袭封一等将军。为人贪婪好色。,官居高位，却贪婪成性。
贾政,贾,政,男,,1720-05-30,1790-12-20,是,京城,工部员外郎,贾代善,史太君,王氏,,,,贾政，荣国府第三代主人。任工部员外郎，为人正直却迂腐。,为官清正，教子无方。
贾琏,贾,琏,男,,1740-10-05,1805-03-28,是,京城,同知,贾赦,,王熙凤,,,,贾琏，贾赦之子，任同知。为人机智却好色。,精明能干，善于交际。
贾珠,贾,珠,男,,1745-01-18,1770-09-10,是,京城,举人,贾政,王氏,李纨,,,,贾珠，贾政长子，自幼聪慧，十四岁中举，后英年早逝。,天资聪颖，科举有望。
贾宝玉,贾,玉,男,10000,1790-04-22,,否,京城,读书/翰林,贾政,王氏,薛宝钗,,,,贾宝玉，荣国府贾政次子，含玉而生。厌恶仕途，独爱诗词戏曲。,叛逆多情，才华横溢，著《红楼梦》。
贾环,贾,环,男,,1795-07-14,,否,京城,读书,贾政,赵姨娘,,,,贾环，贾政三子，庶出。为人阴微。,虽非嫡出，亦有才学。,
贾元春,贾,元,女,,1745-03-15,1780-01-20,是,京城,皇妃,贾政,王氏,,,,贾元春，贾政长女，入宫为妃，后封贵妃。,贤德才貌，选入后宫。,
贾迎春,贾,迎,女,,1750-06-20,1795-12-05,是,京城,,贾赦,邢氏,孙绍祖,,,,贾迎春，贾赦之女，庶出。性格懦弱。,老实无能，懦弱怕事。
贾探春,贾,探,女,,1753-03-18,1800-08-22,是,京城,管家,贾政,赵姨娘,,,,贾探春，贾政三女，庶出。精明能干，有"玫瑰花"之称。,才自精明志自高，有经纬之才。,
贾惜春,贾,惜,女,,1758-04-25,1820-01-10,是,京城,出家,贾敬,,,,,,贾惜春，贾敬之女。年少时即有出世之心，后出家为尼。,勘破三春，出家为尼。
李纨,李,,女,,1748-02-28,1820-11-30,是,京城,诰命夫人,,,贾珠,,,,李纨，贾珠之妻，出身名门。守寡后抚养幼子。,温良恭俭，贤妻良母。
薛宝钗,薛,,女,,1792-12-08,1870-05-15,是,金陵,诰命夫人,,,贾宝玉,,,,薛宝钗，出身金陵薛家，容貌丰美，举止娴雅。,德容言工，样样俱全。
王熙凤,王,,女,,1742-09-02,1798-10-20,是,京城,管家,,,贾琏,,,,王熙凤，贾琏之妻，王夫人侄女。精明强干，有"凤辣子"之称。,手腕高明，管家有方。
邢氏,邢,,女,,1718-06-18,1790-04-12,是,京城,诰命夫人,,,贾赦,,,,邢氏，贾赦正妻，出身一般，为人忠厚。,为人善良，顺从丈夫。
王氏,王,,女,,1725-03-08,1805-08-25,是,京城,诰命夫人,,,贾政,,,,王氏，贾政正妻，出身四大家族之王家。性格端庄。,出身名门，相夫教子。
赵姨娘,赵,,女,,1730-05-15,1795-02-28,是,京城,,,贾政,,,,赵姨娘，贾政妾室，贾环、探春之母。,身份卑微，心术不正。,
史太君,史,,女,,1695-08-20,1780-01-15,是,金陵,诰命夫人,,,贾代善,,,史太君，贾母，史家之女。贾府最高长辈。,福寿双全，享尽荣华。,
林黛玉,林,,女,,1785-03-22,1797-05-20,是,扬州,,,,贾宝玉,,,林黛玉，贾敏之女，绛珠仙草转世。才情绝世，多愁善感。,才情绝世，泪尽而亡。,
贾敏,贾,,女,,1720-06-18,1765-11-30,是,扬州,,贾代善,史太君,林如海,,,,贾敏，贾政之妹，嫁与林如海。,出身名门，嫁入林家。
